question,what
海岛大亨3攻略,1
兰陵王出装顺序,0
蒸金针菇的做法,1
汉武帝和汉文帝统治时期被称为,0
苹果手机售后服务电话,0
mac怎么安装双系统,1
信息技术公司经营范围,1
星际战甲什么战甲好,0
mlc和tlc的区别,1
诛仙手游元婴攻略,1
a8000截屏,1
lol停机维护到几点,0
张国荣演唱会有哪些,0
妖刀哪里爆率高,0
人造草坪用什么足球鞋,0
微信怎么开微店,1
江山市经济怎么样,1
合肥备案价,0
联通停机保号后怎么收取费用的,0
老滚5重制版mod怎么打,1
郭富城身高,0
群名片显示不全,1
豆字旁的字有哪些取名,0
hevc和avc哪个好,1
鸭胗的做法,1
wpsword如何删除空白页,1
黄精的作用与功效与作用,1
为什么会后悔,1
i57200u是几核,1
搬入租住的房子的禁忌,1
什么是三支一扶,1
nba季后赛得分排行榜,0
word图片嵌入式显示不全,1
黑枸杞和什么一起吃相冲,0
脖子前倾怎么矫正,1
中蒙边界为什么后退了,1
您的浏览器cookie已被禁用,1
怎么瘦腰,1
上海公积金扣款时间,0
王战海和王战军谁厉害,0
win10怎么看正版盗版,1
快手最长视频多长时间,0
qq旋风chrome插件无效,1
春娇救志明所有歌曲,0
微信不小心把聊天记录怎么恢复,1
鼬真传从多少集开始,0
学吉他好还是尤克里里好,1
如何发现别人蹭网,1
处理器排名,0
神武月光怎么打书,1
女鬼剑转职找谁,0
交通处罚决定书编号怎么查询,1
苏州园区公积金比例,0
word锁定怎么解锁,1
西数黑盘和蓝盘的区别,1
腾讯对战平台魔兽闪退,1
excel数字怎么排序,1
手机如何root,1
陌陌工会申请条件,1
火影忍者主角碎片怎么获得,1
9个月宝宝拉黑色的屎粑粑,1
小规模纳税人税率,0
熊猫tv怎么赌竹子,1
您选择的不是有效的ghost映像文件,1
goro's羽毛叶子多少钱,0
照片太大上传不了怎么办,1
三和大神是什么,1
一杯一点点奶茶的热量,0
vpn连接后断网,1
幽游白书仙水死是哪集,0
ps怎么安装笔刷,1
人生若只如初见 英文,1
男性不孕哪家医院比较比较好新闻源,0
左侧后背疼痛是什么原因,1
张宇和李永乐哪个好,1
奇迹狼怎么合成,1
怎么破解苹果7锁屏密码,1
试比较总统制和半总统制的区别,1
错误 未找到目录项,1
dnf怎么去风铃道场,1
南京大学专业排名,0
新乐府运动主张,1
李迪为什么退出暴漫,1
银龙鱼怎么养,1
老版人民币兑换价格,0
菩提老祖的来历,1
cad怎么输入钢筋符号,1
派出所工作要啥学历,0
excel间隔填充颜色,1
港澳通行证户口所在地怎么填,1
穿刺者戈莫克怎么获得,1
臀围100女生算不算大,1
美式咖啡的好处,1
win10如何安装iis,1
哪个杀毒软件占内存小又好用,0
qq浏览器自动打开,1
哈尔滨一日游路线,1
社保停交多久失效,0
新紫砂壶如何使用,1
手机排行,0
word文档目录怎么自动生成,1
19调和28调的区别,1
电脑上不了网有个叹号,1
word怎么分节设置页码,1
心肌梗塞的前兆 乏力,0
如何进行网卡的ip协议配置,1
新手怎么看道路施工图,1
蓝莓的种植方法,1
顺丰 价格,0
怎样进行手机刷机,1
同花顺机构动向怎么看,1
土星环的主要组成物质,0
android studio怎么导入jar包,1
n卡自带录像怎么用,1
鄂姓怎么读,0
很抱歉 word遇到错误,1
vs2017怎么样,1
赵黎平 执行时间,0
云南旅游什么时间好,0
哈弗h6油耗高为什么还那么多人买,1
decimal(18，2) 是什么意思,1
win10和win7的区别,1
发生劳动纠纷怎么办,1
天使币怎么获得,1
晚饭几点吃,0
华为手机越用越卡,1
服务器拒绝你发送离线文件,1
奥迪q2和q3有什么区别,1
微博手机号码已经不用了怎么办,1
房屋抵押贷款能贷多少,0
录音怎么转换成文字,1
长沙哪家医院看白癜风好收费合理,0
手心有坑,1
易县太行水镇门票,0
空调万能遥控器,1
处理宗教问题的基本原则,1
怎样在电脑上下载电视剧,1
百分比计算,1
狗狗身上有跳蚤怎么办,1
lol体验服什么时候送点券,0
百度网盘 账号,0
怎样看火币k线图,1
王者荣耀手残党玩什么英雄,0
怀孕几周建档,0
兰州租车哪家便宜,0
苹果为什么下不了迅雷,1
资本主义法制的核心是,1
白点病怎么治疗,1
对于老赖怎么办,1
rpt什么意思,1
ps怎么新建图层,1
lol新客户端怎么换皮肤,1
取消彩铃音乐盒,1
新华社怎么样,1
总账会计做账流程,1
2017护士资格考试时间,0
王者荣耀庞统什么时候上线,0
限定单元格数值怎么改,1
国台办为什么叫跪台办,1
提线木偶怎么操作,1
小苏打水泡脚的危害,1
电信宽带余额查询,1
秋天痰多,1
斗战神回宗符在哪买,0
say speak talk tell 的区别,1
慕容林致结局,1
微信指数在哪里,0
扣满12分怎么处理,1
蓝天飞行队 攻略,1
关于磨练意志的成语,1
玻璃隔断施工工艺流程,1
提离职不让走怎么办,1
大连自助游攻略,1
奎爷身上的标志,1
地牢猎手5多大,0
如何鉴别路由器的好坏,1
linux ps aux各列含义,1
mp3免费下载网站哪个好,0
香水电影为什么被禁,1
成都治疗男科医院哪家好,0
腾讯视频激活码,0
安徽公务员考试成绩查询时间,0
什么是身份政治,1
出口退税风险自评方法,1
鼻子两侧长痘痘是什么原因,1
哈尔滨气候特征,0
安琪拉怎么用碎片兑换,1
快闪店是什么,1
注销百度账号,1
acdsee哪个版本好用,1
价值观有哪些,1
手机格式化之后会怎样,1
取精困难怎么办,1
在线时间戳转换成时间,1
乳胶床垫夏天热怎么办,1
依玛壁挂炉闪红灯,1
手机屏幕自己乱点,1
纹眉的危害,1
b站0.5倍速怎么调,1
电容在手机中的作用,1
拉萨路小学怎么样,1
835比821强多少,1
黄金棒怎么用,1
让经期提前,1
布氏硬度计选型攻略,1
金枪鱼的做法,1
小区停车收费标准,1
浴霸品牌排行榜,0
煤气泄漏没散就点烟,1
喝香槟配什么,0
回龙观和天通苑哪个好,1
真空压力电饭锅什么意思,1
银行卡身份证过期了怎么办,1
闺蜜结婚唱什么歌,0
四川省推动军民深度融合发展实施方案,1
成都高新区人才交流中心电话,0
机器人的作用,1
sci-hub 怎么用,1
ps如何局部调亮,1
爱养成2攻略,1
我国近视人数,0
苹果1s多少钱,0
促进睡眠的方法,1
天然气的化学性质,1
冯提莫在哪里直播,0
标准1寸照片尺寸像素,0
柴油奥迪变速箱灯亮怎么回事,1
好瓷砖和差瓷砖的区别,1
ios10其他容量如何删除,1
1人民币等于美元,0
会计初级成绩什么时候出来,0
网易云音乐怎么加好友,1
ap剑圣谁发明的,1
血牙寡妇蜘蛛怎么获得,1
为何总是犯困,1
吹空调低烧,1
王者荣耀亲密关系怎么弄,1
宁波到仙居要多久,0
山西证券 打不开,1
水表堵塞,1
载客量最大的飞机,0
升糖指数最低的主食,0
北京联科肾病医院好不好,1
宫颈息肉医院,1
康硕一厂怎么样,1
马雅舒老公是做什么的,0
藏宝阁怎么卖角色,1
hd650配什么耳放,0
网贷123排行,0
mac怎么清理磁盘空间,1
超速10%不到20%怎么处罚,1
nginx和apache的区别,1
安热沙和安耐晒的区别,1
网贷哪家好,0
去湿气的方法,1
钙尔奇怎么服用,1
数据字典怎么写,1
cad临时保存文件在哪里,0
如何消灭蟑螂,1
胆囊在哪个位置图,0
爸爸去哪儿第三季结束后播什么,0
魔塔勇士攻略,1
盗墓为什么不能回头,1
冰糖和白糖的区别,1
两个火字,0
北京到华沙机票多少钱,0
麻将胡牌算法,1
初学者适用什么数位板,0
大数据(bigdata)概念最早是在哪一年提出的?,0
hr如何增值,1
欧米茄能用多久,0
胆汁反流性胃炎是怎么引起的,1
cad测面积,1
失眠挂哪个科,0
郑州仁和驾校怎么样,1
附魔宝珠点化技巧,1
重庆西站在哪里,0
dm是什么意思,1
gta5按键冲突怎么解决,1
企业融资难的原因,1
摩拜怎么退余额,1
什么是信托业务,1
太原康基电话,0
金融资本是怎样形成的,1
化粪池尺寸,0
软件测试工具有哪些,0
大唐荣耀沈珍珠结局,1
迫击炮原理,1
苹果6好还是7好,1
干红 半干红的区别,1
没有下载券怎么下载百度文库ppt,1
漂亮的李慧珍第几集变漂亮,0
苹果手机网易云音乐下载的歌曲在哪里,1
建行信用卡年费,0
360手机n5怎么样,1
无基础学医从哪开始,0
珠江和海伦哪个好,1
3ds怎么进入gw模式,1
丰田威驰如何,1
暗黑3 远古装备获取攻略,1
达拉然巨坑传送门怎么学,1
大腿内侧湿疹,1
霪羊霍的功效与副作用,1
dnf气功圣光几期异界,0
绝望游戏小恶魔是谁,0
远近光灯交替怎么操作,1
身上长肉疙瘩,1
雷士灯泡怎么样,1
猫丢了 找猫的窍门,1
迪丽热巴片酬多少一集,0
双色球最佳杀号方法,1
macd金叉是什么,1
怪物猎人2g三星必做任务,1
otc是什么意思,1
投资贡献率计算公式,1
巴黎水好处,1
带球撞人和阻挡犯规怎么判定,1
车被堵了怎么联系车主,1
win7 如何共享打印机,1
成简快速通道怎么走,1
笛膜怎么贴,1
雕和鹰的区别,1
小学报名需要哪些材料,0
猞猁多少钱一只,0
切除胆囊有什么影响,1
妈宝男10十大特征,1
个人所得税交了有什么用,0
刷牙次数,0
貂蝉走位技巧,1
每天摄入多少大卡,0
避雷器型号,0
图片的格式,1
麻衣神算子好看吗,1
coreldraw怎么扣图,1
春天开的花有哪些,0
小红点不痛不痒,1
射手用什么铭文,1
共享汽车怎么收费,1
小米粥水和米的比例,0
安小落模特身高多少,0
edge打不开,1
寻求帮助的英文,0
成都人流总费用,0
如何杀甲鱼,1
苹果6s官换机 怎么辨别真假,1
重庆小面哪里最好吃,0
一方沙子等于多少吨,0
西铁城和精工哪个耐用,0
失信人员有什么限制,1
低声细语造句,1
新三板和主板的区别,1
红米格式化sd卡密码,0
在哪个国家买阿迪便宜,0
双子男喜欢上你的征兆,1
大腿肌肉怎么练,1
长泽雅美为什么老得快,1
婚假多久内要休完,0
房子满两年和满五年有什么区别,1
阿修罗用什么远古套,0
行政开除,0
word分成上下两栏,1
爱疯死机了怎么办,1
blacked女星排行榜,0
四平路777号和庭攻略,1
人民群众在历史中的地位和作用.,1
田七丹参煲汤的功效,0
c++和java的区别,1
所谓造句,1
拓展训练的意义,1
h1z1库存是什么意思,1
热诚传说结局,1
政治局常委退休年龄,0
数学像什么,1
dnf勋章怎么开启,1
qq怎么看撤回的消息,1
路由器的lan口ip更改,1
iphone4忘记解锁密码,1
双肩包品牌排行榜,0
cf大炮怎么快速切枪,1
深圳买什么车不用摇号,0
笔记本没声音,1
父亲靠着摸胸认出自己的女儿,0
周仕依林几折拿货,0
寒鸦搭配什么套装,0
怎么卸载华为手机助手,1
大连市妇女儿童医疗中心怎么样,1
双提升是什么,1
服务器发回了不可路由的地址,1
执保字是什么意思,1
马寨镇水磨村三队什么时候拆迁,0
切除子宫有什么影响,1
魔兽世界怎么玩,1
女性外阴瘙痒小偏方,1
oracle与mysql的区别,1
cougar是什么意思,0
头上长了个肉疙瘩,1
英语学习技巧有哪些,1
个体营业执照取名大全,0
脸上长斑怎样去掉,1
windows资源管理器占用cpu高怎么回事,1
如何打开mov文件,1
离退工作 建议,1
5月的节日有哪些,0
mhxx村关键任务,1
为什么我的百度网盘只有5g,1
好看搞笑的小说推荐,0
佳能相机快门次数查询,1
一起好网贷怎么样,1
服务基层项目人员是什么意思,1
端午节吃粽子的来历,1
王者荣耀buff持续时间,0
vivo手机定位追踪,1
贴地砖注意事项,1
着色器高速缓存开不开,1
1型糖尿病和2型糖尿病有什么区别,1
必美地板厚度,0
彭德怀死后毛的反应,1
r9s和r9plus的区别,1
苹果手机怎么设置手势,1
陆风x5价格,0
微信抢红包怎么抢大的,1
excel如何粘贴到筛选后的单元格,1
怎么把图片做成视频,1
发烧不宜喝什么饮料,0
网络时断时续,1
ipadair玩游戏闪退是什么意思,1
荞麦枕头的功效与作用,1
华硕a401和k401区别,1
崔智友权相宇分手原因,1
税控机维护费全额抵扣分录,1
职称论文发表全攻略,1
透视网格工具怎么用,1
李宗瑞第15集女星是谁,0
主板wifi有什么用,1
电脑视频没有声音怎么回事,1
微创双眼皮价格,0
途帮拉杆箱质量怎么样,1
龙之谷手游开翅膀技巧,1
西安住宿攻略,1
女同电视剧有哪些,0
然气热水器哪个牌子好,0
净资产与所有者权益的区别,1
黄疸性肝炎症状,0
往复泵的工作原理,1
qq显示登陆超时,1
爱迪生发明了什么,0
卫洗丽什么牌子最好,0
共享单车出现的原因,1
百度云提速方法,1
谁给丁义珍通风报信的,0
ps图片变小画质不变,1
飞度2017款上市时间,0
巴卡尔之城攻略,1
德世久一吃黑有效果吗,1
左下角肚子痛,1
排卵期怎么计算的,1
以下属于两党制的特点的是,0
孩子掉牙好几个月了到现在张不出来,1
前女友结婚唱什么歌,0
降糖药哪种好,0
荣耀8青春版哪个颜色好看,0
怎样联系到网络推手,1
武汉东湖风景区怎么玩,1
韭菜肉馅怎么调好吃,1
晚上怕鬼,1
一路向西2什么时候上映的,0
dnf铁马升级后属性,1
玩游戏那个手机好,0
苹果笔记本怎么安装win7系统,1
戒指刻字刻什么好,1
高级装扮兑换券怎么使用,1
乐山包皮手术多少钱,0
开水烫伤起泡怎么处理,1
倩女幽魂手游高昌迷宫攻略,1
苹果手机无法激活怎么办,1
win10 multiple editions是什么版本,0
黄泛区是哪,0
找坡计算公式,0
qq号码申请不用手机号,1
谷歌浏览器打开新标签页设置,1
ps形状属性,1
治疗心衰的进口特效药,0
陆龟怎么驱虫,1
狗丢了找回来的巧方法,1
如何在网上写小说,1
苹果6s型号mk开头,1
一元购怎么赚钱,1
py是什么意思很污吗,1
照片转换jpg格式,1
苹果6wifi打不开,1
定山湖在哪,0
携车网保养怎么样,1
无氧铜和纯铜的区别,1
nba2k15mc存档放哪里,0
电瓶车第一次充电要充多久,0
tsh偏低 孕妇,1
抢票软件哪个好,0
圣安地列斯隐藏城市,1
后二复试每天稳赚技巧,1
怎么把整个网站扒下来,1
奶盖的热量,0
身上小黑点,1
amd显卡怎么设置,1
胡杨林在什么地方,0
怎样使脸变成瓜子脸,1
angular优点,1
苹果手机连电脑没反应,1
股票k线怎样看,1
vivox7屏幕多少钱,0
婴儿脱水症状,0
plc的缺点,1
天津那家医院好,0
干咳嗽吃什么好的快 推荐10个止咳化痰偏方,1
牦牛坐骑在哪买,0
uv平板喷绘机多少钱,0
家用井水过滤器怎么安装,1
都芳漆怎么样,1
煤炭行业现状,1
成都科龙空调售后服务电话,0
怎么缩小gif图片大小,1
佳能怎么查看快门次数,1
肘关节疼痛的原因,1
r9s和x9哪个好,1
flashfxp怎么用,1
努比亚手机自动重启,1
联通短信查话费,0
摩押人和亚扪人,1
牙痛怎样治,1
地漏品牌排行,0
怎样去除痛风,1
山地车品牌排行,0
高压锅炖牛肉多长时间,0
苹果手机如何设置铃声,1
天津欧琳燃气灶售后维修电话,0
磨玻璃影炎症与癌症区别,1
大皇帝主公哪个好,0
dnf搬砖装备怎么处理,1
单核细胞比率偏高,1
sd卡受损在手机上修复,1
ai提示无法打开插图,1
wps带圈字符在哪,0
顺丰客服,1
分手再说我爱你 粤语,1
java中间件技术有哪些,0
亚航车船联运怎么买,1
黄艺博高考成绩,0
从成都到九寨沟,1
员工自愿放弃社保的承诺的法律效力,1
交换机背板带宽计算,1
二型糖尿病血糖标准,1
什么是思维导图?,1
牛仔骨的做法,1
狂兽什么时候上映,0
连环夺宝怎么中25万,1
男人上完女人后的心理,1
qlv用什么播放器,0
如何启动defender,1
加湿器有什么作用,1
苹果6开机一直显示白苹果,1
北京哪些特产值得带,0
拉法中国有几辆,0
网上买机票怎么取票,1
文化传媒公司经营范围,1
显存是什么,1
2015年一手房交易税费,0
2016年上海市平均工资,0
昆明检查肝病那个医院比较好,0
流产后20天出血,1
有100万怎么投资,1
长安cx70t的优缺点,1
word如何插入批注,1
18k金与钻石的区别,1
孕妇吃猪蹄有什么好处,1
端午节送父母什么,0
iphone刷机失败开不了机怎么办,1
笔记本如何关显示器,1
移动宽带密码忘记了怎么办,1
天然气开户费国家规定,0
oracle修改字段长度,1
dnf清除红字,1
桂花茶怎么泡,1
艾滋病病毒的遗传物质是,0
感性人和理性人的区别,1
做人流杭州哪个医院好,0
2寸照片尺寸多少厘米,0
医疗保险报销比例,0
word标题顶格怎么设置,1
小雏菊哪款好闻,0
@me邮箱哪里进,0
亚马逊海外自营是什么意思,1
王八蛋用英语怎么说,1
红酒尺寸,0
梦幻西游人物经验太多怎么办,1
南方端午节吃什么食物,0
于朦胧女朋友是谁,0
北京中考名额分配什么意思,1
电子邮箱怎么设置,1
dnf什么副职业好,0
唐氏筛查21三体高危怎么办?,1
铭速主板怎么样,1
微信红包最多可以发多少钱,0
荣威车质量怎么样,1
玩游戏买什么轴,0
北京人民医院怎么样,1
为什么要用contentprovider?它和sql的实现上有什么差别?,1
诺斯费拉图 弗拉基米尔皮肤多少钱,0
顺丰快递怎么召回,1
新生儿一个月长几斤算正常,0
一般带女孩子去哪里玩,0
ar是什么意思,1
wps恢复未保存的文件,1
印度人玩眼镜蛇的原理,1
阅读的意义和作用,1
客户贡献度计算公式,0
东莞户口有什么福利,1
ahc适合什么年龄段,0
锁模力计算公式,1
招商朝朝盈怎么样,1
primary boot sequence,1
ppt顺序怎么设置,1
吉他分类,1
月经量少怎么调理,1
跨行转账手续费多少,0
microsoft edge 打不开,1
1mpa等于多少kpa,0
左右脸长痘痘,1
老虎证券 股怎么,1
word尾注的横线怎么去掉,1
不用数据线root,1
二手手机价格,0
小米5怎么解锁,1
怎么练马甲线,1
房贷利率,0
射精 快,1
天津男性医院在哪,0
维生素d滴剂什么牌子好,0
女人发来byd是什么意思,1
谢娜模仿偶像来了是哪一期,0
胃火大的症状,0
我为什么入党,1
surface鼠标怎么连接,1
怎么偷偷查询别人通话记录查询,1
法家代表人物,0
怎样将两个excel表格合并,1
检测胰岛b细胞功能,1
康妇消炎栓怎么使用,1
至强e31230v2相当于i几,0
2017年执业药师报名时间,0
滑轨拍摄技巧,1
达内 西效与作用,1
子宫内膜癌的出血特点,1
语文如何考高分,1
女生光脚踢碎男生的蛋,1
性功能技巧,1
揉包子面团要多久,0
1920 1080 显示不全,1
dnf新建角色怎么打空格,1
lol违规昵称怎么办,1
csc什么时候出结果,0
mysql double decimal 区别,1
毛东东以后能当什么官,1
拿到驾照后多久办牡丹卡,0
儿童适合睡什么床垫,0
灌篮高手重制版有什么区别,1
ehentai进不去,1
foxmail人工客服电话,0
上海 房价,0
垄断利润的主要来源,1
让我什么的一个人作文,0
mvc和mvvm的区别,1
城野医生毛孔收敛水怎么样,1
2016中国私募公司排名,1
怎么通过qq号找出一个人更多的其他信息,1
i 140是什么,1
红米note2 生产日期,1
浙d是哪里的牌子,0
绣眉线条排列图画法,1
tgp怎么用老版本,1
i7和e5的区别,1
电信 移动 待遇,1
沙发去哪里买,0
30h7公差是多少,0
联盟如何去达拉然,1
torrent文件怎么打开ipad,1
ppt怎么插入动图,1
dnf强打红字的书叫什么,0
手心里长了透明小水泡,1
日的成语,0
2017上海招考热线,0
洗衣粉和洗衣液哪个好,1
阴道干涩,1
手机内存4g和6g区别,1
itv点播费怎么关闭,1
润滑油品牌排行,0
姓刘名字,0
为什么苏宁的iphone比苹果官网便宜,1
保险豁免是什么意思,1
4399皇帝成长计划2攻略,1
水晶之恋怎么玩,1
2016年浙江大学录取分数线,0
在成都人流检查吗,1
买到过期食品索赔技巧,1
华为手机如何恢复出厂设置,1
沁园春雪配乐配什么歌,0
竞争性谈判流程,1
怎样做一个合格的团员,1
清蒸鲫鱼的做法,1
windows7如何升级到windows10,1
贵阳几个钓鱼的地方,0
白细胞低会引起什么病,0
12v电瓶好坏怎么测量,1
非小细胞肺癌抗原偏高,1
word中删除空白页的简单方法,1
ppt怎么去掉logo,1
工行七星大概存了多少钱,0
steam购物车在哪里,0
正宗四川酸菜鱼的做法,1
地铁巡防员工资,0
红米note如何关闭后台程序,1
子宫肌瘤手术多久能怀孕,0
北京市异地办理身份证,1
dnf策划排名,1
肝功能不好怎么调理,1
得意的近义词,0
ai格式怎么用ps打开,1
sukin怎么样,1
白色运动鞋如何清洗,1
triacetate是什么面料,0
反码算数运算,1
握手礼仪,1
艾普拉唑肠溶片价格,0
膀胱炎症状,0
阳历10月25什么星座,0
车险第一年没出险第二年优惠多少,0
怎样学游泳,1
端午节作文结尾怎么写,1
大肚子怎么减,1
dnf三幻神是什么,1
狗狗突然精神不好,1
感冒了吃什么好的快 999健康,0
谈恋爱到什么程度可以结婚,1
角阀什么牌子好,0
西安东芝bcd-207k电冰箱压缩机使用寿命有多长,0
根管治疗未做牙套十年,1
房贷未还清如何卖房,1
高端信用卡哪家好,0
土鸡苗多少钱一只,0
rpm是什么意思,1
win8如何磁盘清理,1
上市前为什么扩股增资,1
浦发银行信用卡额度一般是多少,0
信仰是什么,0
网络电缆未正确或已损坏,1
abo溶血效价,0
减肥app排行,0
生物钟紊乱,0
直营店和加盟店的区别,1
生产商品的劳动分具体劳动和抽象劳动，其中具体劳动的作用是,1
大龙虾几种家常做法,1
dnf神探夏洛克卡片属性,1
壁灯高度,0
余春娇比张志明大几岁,0
bilibili会员问题答案,1
市辖区是什么意思,1
shell判断变量是否为空,1
新生儿鼻子上有白点点是什么,1
汕头车管所电话,0
cr2是什么格式,1
拉肚子吃什么药,0
如何锻炼背部肌肉群,1
战舰世界战列舰怎么玩,1
乞巧诗意,1
微博中的收藏在哪,1
eviews怀特检验结果怎么看,1
红米2a wifi 频繁掉线,1
迷你世界黑龙在哪,0
印第安人乔为什么要报复道格拉斯寡妇,1
qq登陆一会就掉线,1
mechanical apdl program已停止工作,1
卡尔宾是什么猫,0
更改icloud账户,1
好看的韩国电影搞笑,0
浦发银行visa白金卡简约版信用卡额度,0
简历名称怎么写,1
如何经营小旅馆,1
嗜血的索克怎么转阶段,1
开网吧需要多少钱,0
钓鱼岛从何时就明确为中国领土,0
传统社会礼的功能与作用是什么,1
像素英寸和像素厘米有什么区别,1
晚上几点睡觉最好,0
gta6什么时候出,0
取房产证需要什么证件,1
皮炎用什么药膏,0
电视硬屏和软屏的区别,1
快捷支付在哪里开通,1
ipad 电池寿命,0
25万年薪税后多少钱,0
财务负责人怎么解除,1
愿余生有人鲜衣怒马，陪你看烈焰繁花什么意思,1
ipad静音开关在哪,1
dnf90级刷图职业排行,0
连供墨盒如何排空气,1
有关项羽战败的诗句,1
阳光宝宝奶粉怎么样,1
初中毕业能考什么证,0
红字冲销法,1
qq群怎么设置gif头像,1
舒城房价2017楼盘价格,0
跑男哪几期是剧情推理,0
怎么吃辣椒不上火,1
gta5光盘怎么用,1
劳动的意义,1
高百福在哪里,1
个子矮如何长高,1
官网绝地求生怎么下载,1
matlab求拟合曲线斜率,1
炒土豆丝的家常做法,1
win10电脑用户名怎么改,1
双下巴怎么快速消除,1
流星蝴蝶剑无限气命令,1
过去式和过去完成时的区别,1
win10电脑定时关机怎么设置,1
电脑自动锁屏时间怎么设置,1
如何安装android studio,1
你在烦恼什么,0
iphone 8价格,0
屏保时间怎么设置,1
macbook不能复制到移动硬盘,1
常威打来福什么梗,1
手机曲面屏的优缺点,1
抗体主要分布在哪里,0
日本退税怎么算,1
怎样让多肉爆头,1
魔兽世界永茂林地在哪,1
男生喜欢女生的表现 学校,1
蓝色 诗,1
消炎利胆片吃多久见效,0
vivo手机型号价格,0
怎么把图片中的文字提取出来,1
王者荣耀点券夺宝技巧,1
徐熙颜的老公叫啥,0
国殇为什么被禁,1
含有帛部的字,0
怎么设置word行距,1
dnf荣誉侦探徽章在哪里换,0
百度网盘空间不足怎么办,1
mac 用什么播放器,0
gta5潜水艇怎么操作,1
伯克利大学申请难度,1
判断整数x是否是同构数.若是同构数，函数返回1;,1
cf怎么获得超级幸运星,1
王者荣耀cp是什么意思,1
俯卧撑每天做多少个有效果,0
石家庄动物园和植物园哪个好,1
社会社会什么意思,1
电动机型号,1
report缩写,0
nt图怎么看男女,1
迅雷自动升级怎么关闭,1
小花钱包客服电话,0
继承和多态的区别,1
cf怎么调烟雾头,1
怎么做校徽,1
2k17怎么挡拆,1
h1z1怎么青蛙跳,1
四车道宽度,0
__name__ == '__main__'是什么意思,1
could not generate dh keypair怎么解决,1
怎样在网上快速赚钱,1
因为计算机中丢失msvcr110.dll,1
腹泻治疗最佳方法,1
iphone6屏幕长宽比例,0
刚加的妹子聊什么,1
国药衍宗片怎么样,1
皮肤管理和美容的区别,1
周园钥匙是什么,0
pr怎么导出mp4格式,1
查看苹果激活时间,1
csgo随机刀礼包在哪里,1
口袋妖怪黑白2路卡利欧在哪,1
共享打印机无法访问没有权限使用网络资源,1
刘涛第一任老公是谁,0
手机上网那个快,0
前女友结婚的女孩为什么还和我联系,1
检验so4离子,1
拔牙肿,1
哪个副省长请程红吃饭,0
拙政园是谁的府邸,0
笔记本电脑调整不了亮度,1
红米note4x怎么插卡,1
为什么绿豆汤煮出来是红色的,1
ps怎么抠公章,1
同人小说是什么,1
account executive 是个什么职位,0
特斯拉3中国售价,0
斯柯达怎么样,1
模型mg hg和rg有什么不同,1
dnf活动boss怎么打,1
海信空调和奥克斯空调哪个好,1
送妈妈什么礼物最好,0
确美同防晒霜怎么样,1
郑州保洁公司哪家好,0
黑童子带什么御魂,0
h1z1在任务管理器的名字,0
昆明交房时要交哪些费用,1
中央巡视组2017去哪里,0
中国娘炮越来越多的省,0
罗马复兴农民分配,1
最难唱的粤语歌,0
百度网盘输入提取码没反应,1
欧洲哪个国家美女最多,0
应用经济学的就业方向,0
水仙花叶子发黄,1
loft公寓是什么意思,1
保洁开荒报价,0
哪里下载无损音乐最好,0
提高新陈代谢,1
12306密码忘了怎么办,1
肌苷片有什么作用,1
可转债手续费,0
济南科龙空调维修电话,0
特殊普通合伙是什么意思,1
win10怎么打开cmd,1
支付的其他与投资活动有关的现金,1
天津耳鼻喉科哪里好,0
信求是什么意思,1
找私网站被劫持怎么办,1
会冰会火会唆了会裹下一句,1
华为手机价位,0
上海联创设计院怎么样,1
2016小说排行榜,1
去眼皮脂肪,1
段落间距怎么调,1
怀孕6个月胎盘低,1
英雄联盟一直最小化,1
qq勋章墙在哪,0
countif函数的使用方法,1
转行做什么好,0
如何保养铁壶,1
鼓浪屿民宿哪家好,0
皮肤黑穿什么颜色好看,0
手机投影仪哪款好,0
包包什么牌子比较好,0
wps未保存的文档如何恢复,1
黑色衣服褪色怎么办,1
阴阳师哪个角色好,0
钢丝绳型号表示方法,1
黄体酮治疗月经不调,1
白鞋上的黑印怎么清洗,1
类风湿早期症状,0
总资产收益率计算公式,1
蚂蚁死亡漩涡为什么,1
word页码不连续怎么设置,1
开淘宝网店的流程,1
上海2017平均工资,0
唱吧怎么,1
杂牌手机怎么刷机,1
传奇怎么解散行会,1
电箱尺寸,0
android studio logcat怎么看,1
徐州糖果乐园怎么走,1
治安拘留记录6年消除,1
新媒体是什么,1
itunes acc 在哪,1
打印机只能打测试页,1
苹果手机摔了一下开不了机,1
自来水公司客服电话,0
逃学大乱斗v3.3正式版攻略,1
台湾牛轧糖哪个牌子好,0
制造者卢克卡片怎么获得,1
小米电视3s怎么样,1
怎么算上升星座,1
上海哪家医院治疗血管瘤好,0
邓紫棋上快乐大本营是第几期,0
怎么折钻石戒指,1
可以挂靠赚钱的证书有哪些,0
蟹黄蛋的家常做法,1
cad怎么批量转成pdf,1
胸肌上胸饱满度不够,1
锁存器和触发器的区别,1
如何挽回婚姻,1
二重身 英文,1
日语论文答辩常见问题,1
当艺人取什么艺名好,1
百达翡丽为什么这么贵,1
乙型肝炎病毒dna定量1.7e+05是什么意思,1
在职研究生学费,0
瑞士法郎汇率,0
花千骨手游轻水灵魂怎么获得,1
以k开头的英文名,0
一带一路多少个国家,0
希特勒为什么不杀中国人,1
下半身肥胖怎么瘦,1
315什么星座,0
资本主义基本矛盾主要表现在,1
附睾炎吃什么药,0
共享汽车有哪些,0
日照阳光医院怎么样,1
猫吐胆汁,1
尉健行怎么读,0
油焖茄子的做法,1
蒜怎么保存,1
怎么加入粉红馆,1
因为遇见你结局,1
双色球中奖计算方法,1
觉醒材料有几种,0
vv5什么时候上市,0
为什么抢先战略可以为企业获得较多的消费者群体,1
银行承兑汇票贴现计算公式,0
微粒贷额度,0
炉石传说张杰是哪张,0
u/c矩阵图如何画,1
佳能c2220怎么扫描,1
怎么找基因的启动子,1
大理怎么去丽江,1
如何把pdf转成图片,1
怎么调整word表格内文字行间距,1
常州公积金贷款利率多少,0
新版小鹿男带什么御魂,0
sleepwell睡眠糖副作用,1
后羿怎么出装,1
2017nba总决赛几号,0
gk888t打印一张就闪红灯,1
志明与春娇歌词谐音,1
怎么用美图秀秀把蓝底照片变成白底,1
露娜五级铭文用什么好,0
美吉姆和金宝贝优缺点,1
夫妻离婚房产证更名,1
ps撤销快捷键,1
手机淘宝怎么修改后台,1
闵行在上海算什么水平,0
盲目之眼有什么用,1
echarts柱状图x轴间距,0
红米手机用大卡还是小卡,0
摩拜单车忘了锁被骑走了怎么办,1
成都比较好的中学,0
老皮在哪里直播,0
什么是乳腺囊肿增生,1
金星怎么评价王思聪的,1
谁应当加强消防组织建设,0
rice复数,0
电信超出流量怎么计费,1
天津哪个医院做包皮正规,0
3d效果图私活去哪接,0
lol韩服胜率排行榜,1
什么钢笔好,0
世界名表排名及价格,1
东鹏瓷砖 怎么样,1
嫖渣攻略,1
全民钓鱼攻略,1
轴承和无油衬套的区别,1
没出息的男人13种表现,1
分享经济属于互联网+的( )特征.,1
美菱和海尔冰箱哪个好,1
南京多田热水器售后维修电话,0
手机拍照和单反的区别,1
怎么关闭smartscreen筛选器,1
鼻子上挤出来的白色东西是什么,1
荣耀6电池坏了怎么办,1
沙眼角膜炎,1
马来西亚入境现金要求,0
肩周炎做什么运动好,1
oppor9s手机怎么样,1
计算机信息加工类型有哪些?,0
狗狗咳嗽的原因,1
哪种无损格式好,0
利税总额怎么算,1
查看内存条型号,1
ipad家长控制使用时间,1
信用卡最低还款,1
呆若木鸡打一生肖,0
fgo虚影之尘 哪里最多,0
上海中考时间,0
灭火器品牌排行,0
治疗咳嗽的方法,1
怎么设置禁止12590,1
2017年二建考试时间,0
方舟生存进化怎么联机,1
怎么查看网卡是百兆还是千兆,1
wifi网络拒绝接入 如何解决方法,1
表格数字后面变0,1
最大公约数算法,1
十大恐怖片排行榜,0
二保超期了办理流程,1
microsoft visio 2010 密钥,1
微信如何查看注册时间,1
金丝楠木手串怎么鉴别,1
4月28日汇率,0
深渊刷什么难度好,0
波浪号在中间怎么打,1
原来你还在这里结局,1
如何看懂电路图,1
天津远洋风景怎么样,1
短信中心号码,0
天龙八部手游宝宝繁殖技巧,1
lol和王者荣耀的区别,1
滑铁卢大学世界排名,0
可行性方案,1
深圳工资,0
qq勋章墙怎么点亮,1
股线怎么看,1
芭蕾练功服怎么穿,1
乐视手机绑定账号解绑,1
潘苹果是什么,1
灭火器的用途,1
前列腺癌晚期能活几年,0
字幕格式有哪些,0
拉屎放屁有橘红色的油,1
北斗星如何辨别方向,1
茼蒿菜的做法,1
壁纸胶什么牌子好,0
一级建造师一年考几次,0
公务员福利有哪些,1
欧洲难民危机知乎,1
2018非师范生不能报考,0
cpu 100度,1
旅行和旅游的区别,1
肚子一阵一阵的绞痛还拉肚子,1
公司有几个证,0
专业硕士和学术硕士的区别,1
铝性质,0
哪里有爱奇艺vip账号共享,0
youtube上怎么赚钱,1
怎么减少查重率,1
胃反酸怎么办,1
word文档文字下面有红色波浪线,1
js 加密后如何使用,1
认死理是什么意思,1
如何删除空白页,1
自产产品用于职工福利会计处理,1
谷露影院去哪里查找,0
妖精的尾巴什么时候回归,0
宫颈癌手术后复发前兆,1
大连格力空调售后服务电话,0
怎样给狗打疫苗,1
mac如何截屏快捷键,1
为什么拖船这么有劲,1
烤箱可以做什么好吃的,0
越秀星汇尚城怎么样,1
2018国家公务员考试时间,0
进击的巨人巨人是谁变的,0
永生劫地狱版全攻略,1
毕棚沟红叶什么时候红,0
找妓女多少钱,0
广州试管婴儿哪家好,0
垃圾分类的好处50字,1
抽骨髓有什么后遗症,1
朝霞不出门 晚霞行千里包含了什么信息,0
吉他弦和品的距离,0
参考文献的格式,1
如何做好工厂管理,1
没有定义根文件系统,1
右键新建没有visio,1
电脑屏幕截图怎么截,1
lol新版本登录不上,1
僧侣之夜哪天更新,0
什么是自立式铁塔,1
摩托车不年审几年注销,0
excel加减公式,1
w10安全中心无法启用,1
柠檬枸杞茶,1
如何去除牙结石,1
成都工作服定制哪家公司好shangshisen,0
战争前线等级,1
递质功率分析是什么,1
非常好看的电视剧推荐,0
防火墙设置在哪里,1
无锡做人流哪家好,0
javaee是什么,1
红字发票申请流程,1
为什么要加入学习部,1
小朋友学架子鼓的危害,1
麂子角避邪说法,1
电影院的3d是什么格式,0
zara是什么牌子,0
奇骏对比柯迪亚克哪个性价比高,1
斗破苍穹怎么不更新了,1
剑灵怎么查询哪个区有角色,1
hrd是什么职位,0
什么直播晚上开车的多,1
闭上眼睛怎么打,1
毛泽东身高,0
蒸汽最高温度,0
对节白蜡盆景制作,1
过敏鼻炎医院,0
电动车上牌有什么用,1
类似小家碧玉的古代肉文,0
党章规定 党员必须履行的义务有几项,0
罪刑法定原则,1
lol解封方法,1
二十四节气是怎么来的,1
安瑟纳尔节点入口在哪,0
发生未知的directx错误 英雄联盟无法启动,1
驾驶小型载客汽车在高速公路上最低时速,0
电阻计算公式,1
胃胀气怎么办快速解决 胃泰能缓解,1
企业管理模式,1
ps射雕英雄传攻略,1
怎么种草莓技巧吻痕,1
kindle如何关机,1
绿豆怎么去皮,1
抽动症如何确诊,1
洗髓垂吊功怎么绑,1
500dpi相当于多少像素,0
肌腱炎最佳治疗方法,1
痔疮如何自我治疗,1
日本工作签证中介,0
dnf变异泰拉石换什么好,0
微信里面的视频怎么保存到电脑,1
镖行天下全集顺序,0
男生渴望收到什么礼物,0
怎样让情人为你花钱,1
冒险岛十字币在哪里换东西,0
挖完耳屎有那种嗡嗡的声音,1
录音软件哪个好,0
微信 无法加载 旧图片,1
建行网银公转私限额,0
助力泵坏了有什么表现,1
公司开户银行哪个好,0
吴映洁韩国组合名字,1
给老人买什么礼物好,0
0次方为什么等于1,1
abigaile johnson哪部好看,0
中国新歌声第二季时间,0
在网吧怎么用wifi,1
防辐射服什么时间穿,0
dnf黑雾boss单刷怎么吃球,1
花儿与少年3播出时间,0
excel绝对引用和相对引用的区别,1
高压低是怎么回事,1
致享怎么样,1
被小狗咬了多久能打针,0
含苞待放英文,1
安培的主要贡献,1
中国工商银行企业网银u盾登陆网页打不开,1
疯狂赛车怎么倒闭了,1
笔记本 风扇 声音大,1
dnf七伤是第几期,0
平安银行 备用金申请,1
微信公众号提醒功能,1
蓝蓝的天空,0
京东多少钱免运费,0
莫迪里阿尼怎么死的,1
dnf怎么让物品到自己脚下,1
便血是咋回事,1
达芬奇预设怎么导入,1
新鲜蔬菜怎么保存,1
秃鹫为什么不吃活人,1
怎样做糖醋大蒜头,1
学长笛的最佳年龄,0
魂10怎么过,1
什么是科学,1
刘德华吴孟达一起演的电影,0
如何祛斑效果最好最快,1
国家规定9月3日放假几天,0
北京艺星整形怎么样?多少钱?,0
我的世界什么版本可以骑龙,0
龙之谷手游战力提升攻略,1
什么材质的名片好,0
火鸡苗价格,0
龙之谷手游牧师转职什么好,0
郑多燕哪套瘦腿最有效,0
正常人血糖是多少,0
pr视频导不出来,1
张宇老司机是哪一期,0
求生之路2网吧怎么联机一起玩,1
皮肤松弛吃什么能紧致,1
王者荣耀怎么举报别人挂机,1
股票买入最佳时间,0
淘宝怎么提高销量,1
matlab if elseif else,1
10kv电缆敷设施工方案,0
双肩包背带怎么穿,1
新纹身会掉几次皮,0
appdata是什么文件夹,0
不认错犟嘴老公打屁股,1
内双小眼睛怎么画眼妆,1
魔兽世界110级后怎么提升装备,1
滴滴打车 动态加价什么意思,1
感觉不到口渴,1
不成问题的问题什么时候上映,0
网上输入姓名查手机号,1
亲家见面开场怎样说,1
阿里云ecs是什么,1
java连接数据库代码,1
sqlite文件怎么打开,1
ie浏览器打开网页,1
uc浏览器没有被正确安装,1
排针是什么,1
优酷不能播放,1
搜狗皮肤用什么打开,1
干将莫邪的被动技能是什么,0
word页眉上的横线怎么删除,1
穿越火线不能全屏 两边黑的,1
星露谷物语菜谱获得方法,1
如何清洗杨梅,1
脂肪肌肉比例,1
电吹风什么牌子好,0
空调显示e3是什么意思,1
泰迪几个月牙长齐,0
word文档图标变为白纸,1
淘宝发货地与实际不符,1
王者荣耀13888的英雄哪个好,0
最快的赚钱方法,1
乌兰夫为什么不独立,1
夏季进行日光浴的时间一般为,0
有助于睡眠的方法,1
英国学生签证申请费用,0
ipad快手怎么下载,1
爱奇艺怎么卸载不了怎么办,1
109怎么领4级法宝,1
打比方与作比较的区别,1
p开头的英文单词,0
怎么激活office2010,1
吃联苯双脂多久可以降霉,0
鸡精加糖水喝了会怎样,1
逼是什么味道,1
静脉曲张挂哪个科,0
cad问号字体怎么解决,1
三国志13什么威名最好,0
男人不删前女友的原因,1
iphone开不了机充电没反应,1
解放军外国语学院分数线,0
西安格力空调售后电话,0
vivoy67与oppoa59s差别,1
金钟国和尹恩惠xman捂耳朵是哪期,0
蓝色搭配什么颜色最好看,0
中央美院录取分数线,0
废弃边陲boss怎么打,1
淘宝差评师多少钱一单,0
gmat满分是多少,0
微信 无法加载图片,1
无锡有哪些工业园,0
大头鱼的做法,1
western union付款方式,1
2015顺丰快递收费标准,1
温馨提醒英文,0
孩子吃什么补脑,0
注册邮箱帐号,1
怎样设置开机密码,1
chrome应用商店打不开,1
哪个阴阳师最好用,0
支付宝手势密码怎么设置,1
meyo蜜友是真的假的,1
煜和昱作为名字哪个好,1
肠炎宁片功效主治,1
襄阳医院做人流价格,0
杰奎琳为什么嫁给船王,1
甘守三尺讲台,1
胶囊怎么吞,1
新鲜薄荷怎么吃最好,1
滴滴出行和滴滴打车的区别,1
信誉积分15分怎么消除,1
人均纯收入和可支配收入的区别,1
自动挡要学多久,0
胳肢窝长红疙瘩,1
9.3抗战胜利纪念日几点开始,0
睡眠面膜哪个牌子好,0
环球网校怎么样,1
小米6抢到几天发货,0
合并多个excel文件至一个工作簿,1
梦幻诛仙飞升任务攻略,1
嘴上长痘痘,1
microsoft edge是什么,1
怎么检测pm2.5,1
右下角网络连接的图标怎样找回,1
拍的照片打印出来很黑,1
游泳正确的呼吸方法为,1
樊大夫一日瘦身汤效果怎么样,1
欢乐颂2谢童第几集,0
继电器接线方法,1
百度员工上班时间,0
洛杉矶月子中心多少钱,0
什么也没打开电脑自己播放歌曲是怎么回事,1
圣元奶粉 怎么样京东商城,1
三国志13怎么输入中文名字,1
微信 手续费,0
iphone5s用什么系统最好,0
国税发票作废退税手续,1
如何关闭445端口,1
ppt怎么统计字数,1
梦幻西游普陀怎么加点最好,1
五抓五看是什么,1
word每行字数怎么设置,1
显卡1050和1060的区别,1
excel 四舍五入,1
逆战百宝箱怎么升级,1
英国买什么手表便宜,0
公安厅长级别,0
沈阳初中排名,0
如何发闪照,1
六味地黄丸和肾宝片哪个好,1
生死狙击有什么好枪,0
钻戒怎么选,1
为什么说在新的形势下坚持实事求是,1
怎么将安卓手机的通讯录导入苹果手机,1
红茶的功效与作用,1
极品飞车19怎么设置中文,1
安迪弟弟怎么了,1
打小孩要多少钱,0
手机微信照片如何传到电脑,1
公式编辑器mt extra字体无效,1
逆战怎么卡闪电风暴,1
成人0基础怎么学英语,1
gta5线上新手如何起步,1
性格反复无常的人心理,1
如何择日，民间择日技巧大全,1
新手戴隐形眼镜的技巧,1
足球运动的文化传播功能,1
新手开车怎样判断车宽,1
procreate怎么画圆形,1
去哪儿网客服电话怎么转人工服务,1
黄连阿胶汤怎么弄,1
双硬盘好还是单固态好,1
只读文件怎么修改,1
word消除回车符,1
csgo创意工坊在哪,0
商用电脑和家用电脑的区别,1
梦幻西游四灵印攻略,1
华阳导航如何升级,1
酷划新闻赚怎么赚钱,1
h1z1忘记密码,1
如何查看浏览器版本,1
白平衡是什么意思,1
威克士电动工具怎么样,1
台式机前面板耳机插孔没声音,1
快递拒收退回去的快件谁付运费,0
btc搬砖技巧,1
targetnameplateindicator怎么改箭头,1
测海拔高度哪种仪器更精准?,0
东风雪铁龙世嘉怎么样,1
尿酸高如何调理,1
济南和青岛哪个城市好,0
ps卸载不了,1
娜塔栎价格,0
薰衣草的作用与功效,1
你想为保护动物做些什么呢,1
秀色是什么意思,1
steam怎么添加好友,1
表内业务和表外业务的区别,1
文化自信的战略意义,1
乒乓球团体赛比赛规则,1
头条号封禁怎么出处理,1
李永乐6 2怎么样,1
i3针脚数,0
曼谷廊曼机场怎么去芭提雅,1
妇科医院哪个好,0
郑州地铁到新郑机场,1
如何把qq下载到手机,1
临沂哪个医院可以做人流,0
治疗银屑病的药物有哪些,0
中国古代经济最发达的朝代,0
魔兽世界坐标怎么显示,1
gta5采石场的罪犯在哪儿,1
ds18b20测温原理,1
没关系 英文,1
多媒体技术的关键特征是什么,1
2017适合领证数字谐音,0
毕业论文没过什么后果,1
spearman相关系数,1
桌面整理软件哪个好,0
skam第一季讲的是什么,1
碧蓝航线怎么反和谐,1
治疗失眠的最好方法,1
吃杨梅有什么好处,1
怎么哄老婆入睡,1
血稠的症状,0
唯品会自营商品怎么找,1
最真实的海马m3优缺点,1
车辆损失险如何计算保费,1
osx和windows的区别,1
上过滤鱼缸怎么放滤材,1
比亚迪宋7座版什么时候上市,0
爱国诗词,1
汽车1.5t是什么意思,1
永安期货为什么最厉害,1
word目录页码,1
腿麻脚麻是怎么回事,1
不停放臭屁怎么治,1
轻松筹手续费,0
手癣的症状,0
解压密码如何破解,1
倒库时左边1.5怎么找点,1
wifi信号强度多少正常,0
美国什么鞋子便宜,0
怎么把照片变成20kb以下,1
三角函数求导,1
半夜胃痛是什么原因,1
年年有今日岁岁有今朝什么意思,1
fgo切换账号,1
m10螺栓尺寸,0
消防工程师报名时间,0
音箱排名,0
中国移动有哪些产品,0
什么人不能服三七粉,1
野猪肉怎么做好吃,1
食道有异物感,1
红糖的功效,1
房子抵押贷款怎么贷,1
盖网是传销,1
人间失格哪个译本好,0
人民大学夏令营通过率,0
手机qq特别关心铃声怎么设置,1
胎盘下缘距宫颈内口多少算正常,0
如何约妹子出来吃饭,1
大黄米怎么煮,1
怎么打开注册表,1
如何治疗日光性皮炎,1
怎样挖红薯,1
电脑按开机键没反应,1
如果你沦落到一个荒岛 你选择哪条人鱼作伴,0
交换机和路由器怎么连接,1
什么方向的房子好,0
信阳机场什么时候通航,0
淋巴细胞百分比偏高 中性粒细胞偏低,1
怎么样恢复微信删除的聊天记录,1
那个技能可以沉默敌人,0
社保查询密码忘记了怎么办,1
猪骨头汤怎么熬最好喝,1
考察谈话怎么说,1
信用评价体系,1
小女人是什么意思,1
企查查会员多少钱,0
macbook怎么装windows系统,1
电脑垃圾清理软件哪个好,0
网页被劫持到另外一个网站,1
阴阳师心眼给谁用,0
comes是什么意思,0
菜鸟联盟是什么快递,1
火影忍者好久完结,1
怀孕多久做第一次检查,0
星露谷物语怎么离婚,1
电脑麦克风声音小怎么设置,1
电视支持什么格式的视频,1
黄体功能不足怎么备孕,1
普通话考试时间,0
倚天屠龙记结局,1
腌制香椿芽的做法,1
午后狂睡silent是谁,0
承兑汇票背书盖章模板,1
navicat for mysql 怎么用,1
尼斯湖多深,0
怎么打开dx,1
怎样克服早恋,1
新浪微博更换绑定手机，旧手机已经不用了,1
电话挂断的嘟嘟声,0
普京为什么不怕美国,1
中国治理雾霾为何如此缓慢,1
world奋斗白金卡年费,0
无硼砂水晶泥制作方法,1
火影忍者手游鼬怎么获得,1
3d溜溜网怎么下载模型,1
苹果手机连接wifi显示密码错误,1
你要茶还是咖啡 是用餐人常被问到的问题,1
once什么意思,0
不能识别的文件格式excel,1
原地跑步有什么危害,1
iphone没电了要充多久才能开机,0
柏辽兹夏夜 分别是,0
英雄联盟md5包更新失败怎么办,1
金银花的功效,1
欢乐颂5个女孩的结局,1
淘宝打折怎么设置,1
上升星座怎么算,1
win10摄像头怎么打开,1
如何下载视频到u盘里,1
肾结石的饮食禁忌,1
经期提前5天,1
三三不尽，六六无穷打一生肖,0
王者荣耀武道大会怎么玩,1
特斯拉电池能量密度,0
朝核问题的由来,1
纳豆激酶的作用,1
与月亮有关的诗,1
地下城搬砖是什么意思,1
膝盖上的筋疼,1
冰箱品牌质量排行,0
建设银行怎么查开户行,1
√3-√2=,0
行车记录仪黑屏怎么办,1
停经多少天可以验孕,0
速8全球票房,0
怎么降低胆固醇,1
百度用的什么数据库,0
荣耀和华为是什么关系,1
gta5通关存档放在哪里,1
mysql unsigned 是什么意思,1
qq身份证绑定怎么解除,1
阿富汗为什么常年战乱,1
苹果5s 怎么截图,1
pcgs评级是怎样收费的,1
中国古代医学成就,1
打印正反面怎么设置,1
邱莹莹和谁在一起,0
文件下载到99%不动了,1
人的体温正常是多少,0
c盘里哪些文件可以删除,1
复方玄驹胶囊多久见效,0
小孩查过敏原,1
微信可以注册几个账号,0
梦幻西游大唐官府怎么加点,1
中华1951细烟多少钱,0
火葬的人不能投胎吗,1
网络受限是什么原因,1
圣斗士星矢重生攻略,1
卷积神经网络的优点,1
联想y460p显卡坏了,1
ps4如何接电视,1
婴儿什么时候攒肚,0
rar怎么打开,1
小米手机锁屏图案忘了怎么办,1
上火引起感冒吃什么药,0
路由器ap模式,1
齿数与模数,1
无痛人流手术程序,1
苹果7拍照技巧,1
方舟boss怎么打,1
作文结尾怎么写,1
王者荣耀回血时显示数字,0
看男科淮安哪家医院好boairl,0
尿蛋白阳性是什么病,0
怀孕和来例假症状区别,1
快手怎么在电脑上直播,1
延庆房价,0
莉丝娜的噩梦村庄攻略,1
蚕豆怎样保存,1
火线精英怎么换人物,1
65寸电视观看距离,0
大脚伤害统计不见了,1
效果最好的减肥方法,1
描写广场舞的诗词,0
华为b2和b3的区别,1
成立业主委员会的流程,1
2017软考考试时间,0
f1赛车比赛规则,1
职场是个技术活什么台播放,0
微信6.5.7更新了什么,1
工会法人资格证书,1
眉毛为什么长不长?,1
南宁协和医院黑吗,1
根号的计算方法,1
胳膊起小红点,1
社保怎么计算退休工资,1
航班共享是什么意思,1
微信一打开就闪退,1
dnf阿修罗适合带什么宠物,0
精活速多少钱一盒,0
郑嘉颖为何输给吴奇隆,1
菊花扦插繁殖的方法,1
博古架尺寸,0
一年染发几次是安全,0
武汉哪里适合小孩玩,0
腹水怎么治疗,1
什么食物促进卵泡发育,0
ipad怎么发短信,1
白癜风有什么症状,1
优秀谍战剧排名,0
word显示下划线,1
家庭食用油哪种最健康,0
人民的名义沙瑞金结局,1
怎么变成同性恋,1
nexus是哪个公司的品牌,0
移动客服密码,1
vivox1st硬格,1
17种新型商业模式,1
58同城客服电话,0
战狼2女主角是谁,0
ipad桌面图标删不掉,1
注册邮箱不需要手机号,1
itunes铃声拖不进去,1
六级时间,0
怎样复制指纹,1
台式机无线网卡频繁掉线,1
美元面值有几种,0
notify notifyall的区别,1
好听的英文电台,0
梯形面积,1
annotation-driven 作用,1
孕33周症状,0
阅读快车五下答案,1
ps怎么画波浪线,1
国内治疗白癜风最好的医院,0
24小时动态心电图价格,0
第一舰队 攻略,1
计调工资一般多少,0
传真机怎么复印文件,1
如何制作微信链接,1
